,age,dnu,feh,kepid,logg,mass,numax,radius,teff
0,2.6679,70.369,0.01,1435467,4.1028,1.3417,1406.7,1.7029,6326.0
1,3.8,42.5,-0.2,2010607,3.8089999999999997,1.37,675.0,2.42,6361.0
2,6.0,39.3,-0.2,2309595,3.734,1.14,643.0,2.4,5238.0
3,6.2,61.9,-0.2,2450729,3.988,1.11,1053.0,1.76,6029.0
4,1.6573,75.729,0.01,2837475,4.1608,1.3879,1557.6,1.6201,6614.0
5,4.0,41.4,-0.2,2849125,3.8139999999999996,1.38,728.0,2.42,6158.0
6,3.0,53.8,-0.2,2852862,3.965,1.49,1030.0,2.1,6417.0
7,7.1,61.1,-0.2,2991448,3.984,1.1,1111.0,1.77,5836.0
8,3.2,89.0,-0.2,2998253,4.218999999999999,1.2,0.0,1.4,6333.0
9,3.9,63.9,-0.2,3112152,4.042,1.31,1219.0,1.8,6282.0
10,4.3,53.3,-0.2,3112889,3.9360000000000004,1.3,876.0,2.05,6433.0
11,5.9,28.3,-0.2,3115178,3.552,1.16,431.0,2.98,5046.0
12,3.3,115.5,-0.2,3223000,4.354,1.08,0.0,1.14,6198.0
13,10.5,122.9,-0.2,3241581,4.362,0.89,0.0,1.03,5770.0
14,6.7,29.6,-0.2,3329196,3.563,1.07,435.0,2.83,5161.0
15,4.0,41.5,0.01,3424541,3.7969999999999997,1.39,745.0,2.47,6080.0
16,2.3521,120.068,-0.06,3427720,4.3844,1.099,2737.0,1.1145,6045.0
17,4.2,24.1,-0.2,3429205,3.486,1.35,368.0,3.48,5116.0
18,3.1,79.1,-0.2,3430893,4.169,1.31,1707.0,1.55,6270.0
19,6.8,48.0,-0.2,3437637,3.86,1.13,850.0,2.06,5483.0
20,4.1,55.8,-0.2,3438633,3.966,1.31,987.0,1.98,6432.0
21,4.2,43.2,-0.2,3545753,3.806,1.32,681.0,2.37,6206.0
22,3.2,18.3,-0.2,3630240,3.3289999999999997,1.46,250.0,4.35,5256.0
23,,,,3632418,,,,,
24,4.9,61.1,-0.2,3633847,4.0,1.25,1109.0,1.84,6122.0
25,2.2,97.7,-0.2,3633889,4.2780000000000005,1.22,2020.0,1.32,6452.0
26,3.4,29.4,-0.2,3642422,3.6,1.45,478.0,3.15,5325.0
27,6.8,76.4,-0.2,3643774,4.1080000000000005,1.07,1419.0,1.51,6029.0
28,8.1431,93.194,0.25,3656476,4.2299,1.0659,1925.0,1.3114,5668.0
29,5.1,80.1,-0.2,3657002,4.1530000000000005,1.18,1603.0,1.51,6006.0
30,6.8,54.5,-0.2,3661135,3.926,1.16,998.0,1.94,5603.0
31,5.6,74.6,-0.2,3730801,4.11,1.19,1484.0,1.56,5894.0
32,0.8,92.8,-0.04,3733735,4.277,1.39,1974.0,1.42,6715.0
33,1.8414,123.04899999999999,-0.04,3735871,4.3995,1.1112,2862.6,1.1014,6107.0
34,3.2,34.4,-0.2,3761840,3.7089999999999996,1.49,625.0,2.82,6236.0
35,7.1,62.3,-0.2,3854781,4.006,1.15,1193.0,1.78,5705.0
36,5.5,45.9,-0.2,3942719,3.835,1.17,780.0,2.16,5736.0
37,4.8,51.6,-0.2,3952307,3.904,1.26,846.0,2.07,6210.0
38,3.2,36.4,-0.2,3952580,3.7430000000000003,1.55,638.0,2.79,6115.0
39,4.3,93.6,-0.2,3967859,4.236000000000001,1.13,0.0,1.33,6211.0
40,4.3,31.3,-0.2,4038445,3.622,1.32,491.0,2.93,5327.0
41,5.0,51.9,-0.2,4049576,3.911,1.25,942.0,2.05,6066.0
42,1.5,19.2,-0.2,4064447,3.39,1.91,287.0,4.61,5755.0
43,4.3,18.2,-0.2,4072740,3.325,1.35,257.0,4.18,5015.0
44,8.0,61.8,-0.2,4165030,3.9810000000000003,1.05,1102.0,1.73,5758.0
45,6.4,31.9,-0.2,4243623,3.614,1.11,494.0,2.72,5094.0
46,4.7,73.1,-0.2,4247542,4.091,1.13,1245.0,1.6,6440.0
47,3.8,55.6,-0.2,4346201,3.97,1.38,1080.0,2.02,6147.0
48,2.5,17.4,-0.2,4347652,3.3160000000000003,1.65,260.0,4.57,5043.0
49,3.0,24.0,-0.2,4351319,3.4989999999999997,1.58,385.0,3.66,5001.0
50,2.7,24.1,-0.2,4378838,3.5060000000000002,1.63,393.0,3.73,5053.0
51,7.7,50.0,-0.2,4446300,3.86,1.07,849.0,2.01,5410.0
52,6.4,72.9,-0.2,4450844,4.088,1.13,1367.0,1.59,5968.0
53,11.1,60.8,-0.2,4457351,3.958,0.96,1085.0,1.7,5483.0
54,7.2,86.2,-0.2,4465324,4.185,1.08,1744.0,1.38,5850.0
55,3.7,73.2,-0.2,4465529,4.112,1.27,1396.0,1.62,6345.0
56,3.8,71.0,-0.2,4543171,4.111000000000001,1.32,1480.0,1.67,6129.0
57,7.7,79.5,-0.2,4571351,4.127,1.03,0.0,1.46,6000.0
58,4.4,44.2,-0.2,4571904,3.8280000000000003,1.32,763.0,2.32,6069.0
59,,34.9,-0.2,4574610,,,600.0,,0.0
60,6.8,47.0,-0.2,4577484,3.832,1.11,817.0,2.11,5424.0
61,3.9,61.5,-0.17,4586099,4.018,1.32,1146.0,1.86,6296.0
62,3.3,61.2,-0.03,4638884,4.03,1.39,1195.0,1.89,6375.0
63,3.3,30.6,-0.2,4641621,3.612,1.46,461.0,3.11,5684.0
64,7.0,60.3,-0.2,4672403,3.978,1.13,1107.0,1.8,5779.0
65,6.6,60.9,-0.2,4739932,3.985,1.12,1132.0,1.79,5876.0
66,4.6,70.4,-0.2,4755204,4.086,1.24,1360.0,1.67,6073.0
67,3.6,37.2,-0.2,4756112,3.738,1.43,662.0,2.68,6182.0
68,5.2,50.2,-0.2,4841753,3.8789999999999996,1.2,871.0,2.07,5966.0
69,11.1,72.6,-0.2,4842436,4.062,0.96,1339.0,1.5,5688.0
70,4.7,42.1,-0.2,4846457,3.787,1.28,697.0,2.39,5885.0
71,7.2282,88.531,0.08,4914923,4.2,1.0513,1817.0,1.3481,5805.0
72,7.3,35.3,-0.2,4915148,3.6710000000000003,1.1,568.0,2.54,5026.0
73,5.3,52.6,-0.2,4947253,3.909,1.21,923.0,2.02,5953.0
74,5.0,63.2,-0.08,5021689,4.016,1.22,1120.0,1.79,6168.0
75,3.8,26.0,-0.2,5033245,3.5380000000000003,1.42,423.0,3.38,5086.0
76,7.8,87.3,-0.2,5084157,4.191,1.06,1807.0,1.36,5803.0
77,5.0,35.0,-0.2,5095159,3.6830000000000003,1.26,582.0,2.68,5192.0
78,5.1,21.3,-0.2,5110725,3.411,1.31,317.0,3.73,4869.0
79,5.0,60.1,-0.2,5214711,3.985,1.19,0.0,1.84,6194.0
80,11.9,108.4,-0.2,5253542,4.289,0.89,0.0,1.12,5770.0
81,7.9,35.3,-0.2,5265656,3.6639999999999997,1.06,0.0,2.5,5099.0
82,3.5,65.5,-0.2,5344612,4.062,1.35,1285.0,1.78,6359.0
83,3.2,47.4,-0.2,5353186,3.89,1.52,872.0,2.29,6166.0
84,2.8,55.6,0.17,5371516,3.983,1.51,1017.0,2.08,6408.0
85,8.5,21.2,-0.2,5390438,3.3819999999999997,1.1,300.0,3.52,4814.0
86,3.5,28.1,-0.2,5429911,3.572,1.43,438.0,3.24,5303.0
87,3.4,48.5,-0.2,5431016,3.8960000000000004,1.42,0.0,2.22,6601.0
88,3.8,28.4,-0.2,5431807,3.576,1.39,444.0,3.18,5285.0
89,3.9,57.3,0.05,5450445,3.985,1.39,1084.0,1.99,6112.0
90,7.9,68.2,0.06,5512589,4.04,1.09,1224.0,1.65,5750.0
91,3.0,83.4,-0.2,5516982,4.191,1.25,1646.0,1.48,6444.0
92,5.1,41.8,-0.2,5523099,3.782,1.26,722.0,2.38,5488.0
93,3.5,35.3,-0.2,5530375,3.702,1.42,546.0,2.78,6210.0
94,4.0,90.5,-0.2,5543462,4.221,1.15,0.0,1.38,6246.0
95,4.5,40.3,-0.2,5607242,3.77,1.33,684.0,2.49,5689.0
96,4.3,27.7,-0.2,5629080,3.556,1.33,428.0,3.18,5203.0
97,3.6,55.4,-0.2,5636956,3.967,1.37,1007.0,2.01,6369.0
98,3.8,42.0,-0.2,5683538,3.8089999999999997,1.39,695.0,2.44,6366.0
99,3.0,64.8,-0.2,5689219,4.067,1.38,1282.0,1.8,6574.0
100,4.3,34.5,-0.2,5723165,3.6839999999999997,1.35,576.0,2.76,5290.0
101,3.7,61.7,-0.2,5773155,4.032,1.34,1185.0,1.83,6317.0
102,2.2791,57.303000000000004,0.21,5773345,3.9987,1.5098,1101.2,2.0364,6130.0
103,2.0,20.1,-0.2,5822889,3.412,1.76,314.0,4.31,5220.0
104,3.2,29.9,-0.2,5892169,3.614,1.5,492.0,3.16,5295.0
105,8.4574,96.62899999999999,-0.23,5950854,4.2394,0.9739,1926.7,1.2397,5853.0
106,5.4,49.2,-0.17,5955122,3.872,1.18,861.0,2.09,5837.0
107,2.4,59.8,-0.2,5961597,4.039,1.54,1258.0,1.96,6492.0
108,1.6,20.9,-0.2,6034893,3.4410000000000003,1.88,337.0,4.31,5381.0
109,4.6,23.7,-0.2,6035199,3.4539999999999997,1.26,328.0,3.48,5271.0
110,4.0,93.8,-0.2,6047087,4.244,1.16,1948.0,1.34,6189.0
111,4.8,60.4,-0.2,6049366,3.9960000000000004,1.23,1083.0,1.84,6220.0
112,5.7476,100.75399999999999,-0.23,6116048,4.2733,1.046,2126.9,1.2357,6033.0
113,4.6,92.2,-0.2,6129877,4.2330000000000005,1.15,1956.0,1.36,6064.0
114,6.8,41.5,-0.2,6145937,3.75,1.06,651.0,2.27,5391.0
115,2.3,95.9,-0.2,6232600,4.269,1.23,0.0,1.34,6435.0
116,5.6,80.2,-0.2,6287060,4.146,1.14,1572.0,1.48,6020.0
117,3.7,22.2,-0.2,6290627,3.437,1.38,323.0,3.73,5247.0
118,5.0,42.5,-0.2,6308642,3.793,1.28,733.0,2.37,5610.0
119,,,,6313425,,,,,
120,4.4,51.9,-0.2,6370489,3.9160000000000004,1.3,888.0,2.08,6302.0
121,6.2,25.3,-0.2,6430804,3.4810000000000003,1.12,364.0,3.18,5076.0
122,7.8,64.2,-0.11,6442183,4.006,1.08,1176.0,1.71,5760.0
123,1.8511,51.553000000000004,-0.05,6508366,3.9475,1.5797,958.3,2.2099,6331.0
124,4.3,49.7,-0.2,6520835,3.9010000000000002,1.36,890.0,2.17,6146.0
125,4.5,59.9,-0.2,6529109,3.998,1.35,1133.0,1.9,5806.0
126,3.4,78.6,-0.2,6530901,4.155,1.26,0.0,1.55,6374.0
127,6.0,31.2,-0.2,6531928,3.592,1.11,451.0,2.79,5333.0
128,3.0,46.8,-0.2,6592305,3.88,1.55,842.0,2.35,6132.0
129,8.7,67.7,-0.2,6593620,4.035,1.03,1274.0,1.61,5791.0
130,8.1671,110.12799999999999,0.28,6603624,4.3234,1.0291,2384.0,1.157,5674.0
131,4.5,68.0,-0.2,6605673,4.065,1.23,1273.0,1.71,6222.0
132,3.5,60.2,-0.2,6612225,4.013,1.36,1113.0,1.9,6374.0
133,4.0,42.1,-0.2,6671492,3.815,1.39,733.0,2.43,6103.0
134,5.8,47.1,-0.2,6688822,3.839,1.18,811.0,2.15,5563.0
135,4.7,80.7,-0.2,6689943,4.165,1.21,1682.0,1.51,6011.0
136,5.1,46.7,-0.2,6693861,3.839,1.21,765.0,2.2,5937.0
137,3.3,51.3,-0.2,6766513,3.928,1.41,883.0,2.13,6594.0
138,5.6,34.8,-0.2,6802438,3.665,1.16,535.0,2.62,5313.0
139,7.0,45.1,-0.2,6806100,3.865,1.16,900.0,2.07,5286.0
140,7.0,89.8,-0.2,6837853,4.204,1.07,1857.0,1.35,5886.0
141,10.4,56.7,-0.2,6848299,3.9130000000000003,0.97,950.0,1.8,5437.0
142,4.4,54.8,-0.2,6853020,3.9560000000000004,1.29,0.0,2.01,6437.0
143,5.0,41.9,-0.2,6863041,3.801,1.3,775.0,2.37,5570.0
144,6.2236,72.135,-0.01,6933899,4.0921,1.1419,1389.9,1.5908,5832.0
145,5.5,43.9,-0.2,6947945,3.801,1.17,727.0,2.25,5572.0
146,4.1,43.0,-0.2,7038145,3.82,1.39,764.0,2.41,6074.0
147,2.2238,59.658,0.02,7103006,4.0172,1.45,1167.9,1.9538,6344.0
148,,,,7106245,,,,,
149,4.1,31.4,-0.2,7107778,3.64,1.39,529.0,2.96,5129.0
150,3.5,59.7,-0.2,7133688,4.013999999999999,1.36,1146.0,1.89,6400.0
151,4.3,46.8,-0.2,7174470,3.863,1.34,870.0,2.25,6119.0
152,,,,7174707,,,,,
153,2.5051,79.131,0.1,7206837,4.1671,1.3256,1652.5,1.5719,6305.0
154,4.2,28.8,-0.2,7216846,3.588,1.37,474.0,3.12,5124.0
155,4.3,36.3,-0.2,7264595,3.69,1.31,543.0,2.71,5778.0
156,3.0,46.0,0.02,7282890,3.873,1.52,834.0,2.36,6384.0
157,6.7058,88.698,0.19,7296438,4.203,1.0805,1847.8,1.3619,5775.0
158,,29.2,-0.2,7341231,,,408.0,,0.0
159,10.0,74.9,-0.2,7376493,4.08,0.97,1351.0,1.49,5803.0
160,4.8,85.6,-0.2,7383120,4.196000000000001,1.16,1794.0,1.42,6048.0
161,5.5,48.3,-0.2,7386523,3.859,1.19,919.0,2.11,5796.0
162,7.8,71.2,-0.2,7429287,4.073,1.08,1345.0,1.59,5802.0
163,5.1,44.4,-0.2,7448374,3.819,1.27,775.0,2.3,5676.0
164,1.3,85.7,-0.02,7529180,4.236000000000001,1.39,1871.0,1.49,6700.0
165,9.5,57.3,-0.2,7534011,3.948,1.03,1039.0,1.78,5491.0
166,5.1,21.7,-0.2,7584900,3.4160000000000004,1.28,318.0,3.67,4955.0
167,5.3,59.2,-0.2,7591963,3.983,1.24,1096.0,1.89,5966.0
168,7.2,75.7,-0.2,7611858,4.1080000000000005,1.07,1508.0,1.53,5926.0
169,3.4,29.1,-0.2,7628676,3.5989999999999998,1.48,477.0,3.18,5182.0
170,3.9,46.5,-0.02,7668623,3.8680000000000003,1.39,821.0,2.29,6270.0
171,7.8152,85.145,0.05,7680114,4.1746,1.0382,1709.1,1.3792,5811.0
172,7.5,102.6,-0.2,7700968,4.272,1.0,2082.0,1.21,5982.0
173,4.6,66.1,-0.2,7739672,4.048,1.26,1362.0,1.74,6069.0
174,6.5,53.9,-0.26,7747078,3.907,1.1,936.0,1.93,5840.0
175,3.5042,72.46300000000001,-0.02,7771282,4.1087,1.2534,1465.1,1.6343,6248.0
176,3.3,33.7,0.41,7799349,3.682,1.55,561.0,2.96,5115.0
177,6.9,31.1,-0.2,7799430,3.592,1.08,468.0,2.75,5120.0
178,3.2,33.5,-0.23,7800289,3.694,1.48,592.0,2.86,6354.0
179,4.8,66.2,-0.2,7833440,4.039,1.16,1118.0,1.7,6327.0
180,9.9,70.0,-0.2,7870112,4.0489999999999995,1.01,1382.0,1.57,5656.0
181,9.2363,151.329,-0.26,7871531,4.479,0.8346,3455.9,0.8711,5501.0
182,3.6,53.7,-0.2,7880676,3.955,1.41,1017.0,2.07,6269.0
183,6.3,73.3,-0.2,7910848,4.087,1.09,0.0,1.56,6074.0
184,4.0,34.6,-0.2,7914731,3.693,1.38,583.0,2.76,5633.0
185,6.2,51.7,-0.53,7976303,3.8819999999999997,1.06,851.0,1.96,6053.0
186,10.0,95.8,-0.2,8012842,4.227,0.95,2000.0,1.25,5849.0
187,3.2,55.0,-0.2,8016496,3.9760000000000004,1.43,1053.0,2.04,6446.0
188,2.9,28.2,-0.2,8018599,3.5789999999999997,1.53,0.0,3.32,6013.0
189,3.7,37.7,-0.2,8019508,3.766,1.41,658.0,2.59,6211.0
190,3.4,34.5,-0.16,8026226,3.695,1.45,545.0,2.83,6230.0
191,6.3,65.3,-0.2,8027956,4.0280000000000005,1.12,1229.0,1.71,5967.0
192,3.5,31.8,-0.2,8045442,3.638,1.44,0.0,3.01,5853.0
193,5.8,64.1,-0.2,8106950,4.01,1.12,1099.0,1.73,6098.0
194,9.8,73.7,-0.2,8114155,4.077,0.99,1382.0,1.51,5761.0
195,3.7998,89.264,-0.13,8150065,4.2198,1.16,1876.9,1.3837,6173.0
196,4.0,53.9,-0.2,8174981,3.948,1.38,1000.0,2.05,6065.0
197,4.6,77.4,-0.2,8176564,4.136,1.19,1515.0,1.55,6109.0
198,2.7851,95.09,-0.03,8179536,4.2619,1.1977,2074.9,1.3396,6343.0
199,4.0,56.4,-0.2,8179643,3.975,1.34,1033.0,1.97,6280.0
200,5.2,22.8,-0.2,8179973,3.445,1.28,341.0,3.54,4949.0
201,3.4,58.6,-0.2,8216936,4.008,1.37,1117.0,1.92,6437.0
202,2.5344,62.071000000000005,-0.08,8228742,4.0404,1.4762,1190.5,1.9196,6122.0
203,3.9,41.8,-0.2,8241455,3.801,1.38,707.0,2.45,6262.0
204,3.4,68.1,-0.2,8249189,4.09,1.33,1332.0,1.7,6432.0
205,4.0,95.1,-0.2,8289241,4.242,1.13,1808.0,1.33,6306.0
206,3.9,91.4,-0.2,8298626,4.23,1.16,1861.0,1.37,6211.0
207,9.5,71.0,-0.2,8321567,4.055,1.01,1321.0,1.56,5744.0
208,2.5,41.0,0.12,8360349,3.818,1.64,726.0,2.61,6340.0
209,2.6,56.1,0.16,8367710,3.9960000000000004,1.54,1085.0,2.06,6500.0
210,4.0583,109.488,-0.29,8394589,4.3241,1.0553,2396.7,1.1706,6143.0
211,2.9,34.0,-0.2,8408931,3.7039999999999997,1.56,577.0,2.91,6252.0
212,2.9,69.5,-0.2,8414062,4.101,1.35,0.0,1.71,6578.0
213,3.6,48.8,-0.2,8416311,3.9010000000000002,1.41,865.0,2.21,6446.0
214,9.4365,120.584,-0.12,8424992,4.362,0.9269,2533.7,1.0502,5719.0
215,4.2,38.7,-0.2,8493735,3.7430000000000003,1.33,615.0,2.57,5965.0
216,3.2,83.6,-0.2,8493800,4.196000000000001,1.27,1850.0,1.49,6241.0
217,5.9,69.4,-0.2,8499940,4.063,1.14,1323.0,1.65,6023.0
218,3.3,29.6,-0.06,8561221,3.6039999999999996,1.48,467.0,3.17,5245.0
219,13.8,71.4,-0.2,8574769,4.047,0.92,1333.0,1.5,5437.0
220,3.5,50.1,-0.09,8579578,3.9130000000000003,1.42,949.0,2.17,6380.0
221,7.0,57.1,-0.2,8621637,3.946,1.12,1032.0,1.86,5737.0
222,6.2,71.4,-0.2,8656342,4.073,1.1,0.0,1.59,6074.0
223,3.9,92.3,-0.2,8677016,4.235,1.15,1876.0,1.35,6248.0
224,5.2685,75.112,-0.42,8694723,4.1102,1.1086,1470.5,1.535,6246.0
225,3.4,110.1,-0.2,8696343,4.335,1.11,2400.0,1.18,6178.0
226,4.7,39.9,-0.09,8702606,3.7569999999999997,1.3,664.0,2.49,5540.0
227,3.3,48.7,0.11,8738809,3.9,1.5,893.0,2.25,6090.0
228,7.3,64.7,-0.2,8776961,4.022,1.12,1208.0,1.71,5777.0
229,4.5,44.9,-0.2,8802782,3.8360000000000003,1.31,784.0,2.29,6089.0
230,4.9,42.7,-0.2,8817551,3.7969999999999997,1.29,740.0,2.37,5720.0
231,4.7,40.4,-0.2,8868481,3.765,1.29,673.0,2.46,5779.0
232,5.9,79.1,-0.2,8915084,4.143,1.17,1594.0,1.51,5817.0
233,10.1796,85.684,-0.13,8938364,4.1684,0.979,1675.1,1.349,5677.0
234,3.4,77.4,-0.2,8940939,4.15,1.27,1535.0,1.57,6343.0
235,2.3,94.9,-0.2,8950146,4.266,1.24,2096.0,1.35,6374.0
236,3.9,53.6,-0.2,8952800,3.947,1.39,982.0,2.07,6122.0
237,2.9,62.2,-0.2,8956017,4.056,1.39,1234.0,1.84,6605.0
238,5.6,82.6,-0.2,9005973,4.159,1.1,1560.0,1.45,6131.0
239,5.0899,132.628,-0.12,9025370,4.4239,0.9718,2988.6,1.0014,5270.0
240,5.1,42.4,-0.2,9026479,3.7880000000000003,1.24,709.0,2.35,5601.0
241,9.2,62.2,-0.2,9026685,3.9819999999999998,1.03,1123.0,1.71,5618.0
242,6.4,86.3,-0.2,9049593,4.189,1.13,1918.0,1.4,5788.0
243,5.8,49.4,-0.2,9051235,3.8739999999999997,1.2,960.0,2.09,5669.0
244,3.7,43.7,-0.2,9073645,3.8360000000000003,1.4,735.0,2.37,6438.0
245,3.7,20.5,-0.2,9073950,3.389,1.37,287.0,3.92,5281.0
246,3.7,87.1,-0.2,9093289,4.202,1.18,1701.0,1.42,6285.0
247,7.7103,108.89399999999999,-0.18,9098294,4.3102,0.9831,2314.7,1.1482,5852.0
248,1.4,104.7,-0.2,9116461,4.323,1.23,2334.0,1.26,6470.0
249,10.4,61.0,-0.2,9119139,3.971,1.0,1137.0,1.71,5475.0
250,4.3,41.6,-0.2,9138680,3.786,1.34,693.0,2.44,5990.0
251,2.4324,117.294,0.1,9139151,4.3763,1.1483,2690.4,1.1499,6302.0
252,1.9361,81.17,0.15,9139163,4.1881,1.3785,1729.8,1.5647,6400.0
253,4.8,65.0,-0.2,9143749,4.035,1.24,1211.0,1.76,6075.0
254,4.1,18.0,-0.2,9150095,3.333,1.38,261.0,4.21,5028.0
255,2.2,81.2,-0.2,9163769,4.194,1.36,1814.0,1.53,6438.0
256,4.2,26.3,-0.2,9201604,3.5239999999999996,1.33,396.0,3.3,5230.0
257,3.8,58.2,-0.2,9202077,3.9960000000000004,1.39,1136.0,1.97,6119.0
258,8.8,74.2,-0.2,9204313,4.083,1.02,1373.0,1.52,5853.0
259,1.3569,84.926,0.16,9206432,4.2209,1.3761,1866.4,1.5054,6538.0
260,4.1,64.8,-0.2,9225600,4.046,1.29,1248.0,1.78,6262.0
261,2.2,73.2,-0.23,9226926,4.151,1.39,1520.0,1.64,6892.0
262,7.7,75.3,-0.2,9266926,4.093999999999999,1.04,1374.0,1.51,5971.0
263,3.0,46.9,-0.2,9287845,3.897,1.48,912.0,2.26,6488.0
264,3.7,66.4,-0.2,9289275,4.065,1.35,1288.0,1.78,6227.0
265,4.5,49.0,-0.2,9292130,3.885,1.31,845.0,2.16,6176.0
266,2.9,67.4,-0.2,9328372,4.0889999999999995,1.36,1339.0,1.74,6572.0
267,1.9241,51.467,-0.05,9353712,3.9485,1.5619,934.3,2.1949,6278.0
268,2.4,24.0,-0.2,9353859,3.5060000000000002,1.65,385.0,3.75,5284.0
269,4.3,70.6,-0.2,9390670,4.088,1.23,1386.0,1.66,6246.0
270,5.2,65.3,-0.2,9394953,4.0360000000000005,1.24,1218.0,1.75,6018.0
271,6.3299,107.39,-0.31,9410862,4.3028,0.9882,2278.8,1.161,6047.0
272,6.3,48.9,-0.2,9414381,3.8680000000000003,1.18,870.0,2.09,5495.0
273,2.3843,60.115,-0.13,9414417,4.0203,1.4475,1155.3,1.9454,6253.0
274,4.3,56.1,-0.2,9446628,3.97,1.3,1031.0,1.96,6298.0
275,6.0,94.4,-0.2,9451741,4.2410000000000005,1.13,2079.0,1.32,5835.0
276,2.5,71.7,-0.2,9455860,4.132,1.37,1461.0,1.67,6716.0
277,4.8,59.7,-0.2,9457728,3.991,1.21,1035.0,1.85,6390.0
278,5.2,67.5,-0.2,9458636,4.044,1.14,1176.0,1.68,6220.0
279,5.7,61.5,-0.2,9468847,3.99,1.14,1076.0,1.79,6064.0
280,5.1,49.9,-0.2,9512063,3.8810000000000002,1.21,855.0,2.08,5977.0
281,3.8,40.8,-0.2,9542776,3.79,1.38,0.0,2.49,6343.0
282,4.0,30.0,-0.2,9574283,3.595,1.35,455.0,3.06,5431.0
283,3.6,61.7,-0.2,9579208,4.023,1.33,1129.0,1.85,6422.0
284,4.0,47.2,-0.2,9641837,3.8760000000000003,1.37,820.0,2.24,6270.0
285,4.0,41.2,-0.2,9664694,3.801,1.39,722.0,2.46,6080.0
286,10.8,79.7,-0.2,9693187,4.113,0.95,1462.0,1.42,5790.0
287,3.8,51.9,-0.2,9696358,3.9339999999999997,1.37,1006.0,2.1,6321.0
288,3.2,60.2,-0.2,9697131,4.024,1.39,1196.0,1.9,6491.0
289,4.4,78.9,-0.2,9700430,4.15,1.21,1623.0,1.53,6111.0
290,2.0,93.6,-0.2,9702369,4.261,1.27,1968.0,1.38,6431.0
291,7.4,67.2,-0.2,9702752,4.038,1.12,1276.0,1.68,5770.0
292,4.1,73.8,-0.2,9754284,4.117,1.26,1496.0,1.62,6182.0
293,10.5,61.7,-0.2,9757640,3.97,0.99,1142.0,1.7,5506.0
294,3.7,50.0,-0.2,9778067,3.9139999999999997,1.38,890.0,2.16,6433.0
295,4.8,53.4,-0.2,9787965,3.924,1.24,912.0,2.02,6200.0
296,3.3,29.3,-0.2,9788260,3.6,1.48,471.0,3.18,5354.0
297,5.7,54.4,-0.2,9791157,3.927,1.19,984.0,1.97,5852.0
298,4.1,27.7,-0.2,9812421,3.555,1.35,423.0,3.21,5265.0
299,2.5871,64.74600000000001,-0.07,9812850,4.0574,1.3717,1255.2,1.8143,6321.0
300,2.9,60.0,-0.2,9821513,4.03,1.44,1188.0,1.92,6550.0
301,4.9,51.3,-0.2,9880787,3.9019999999999997,1.27,893.0,2.09,6074.0
302,2.9,28.1,-0.2,9893470,3.576,1.53,426.0,3.33,5936.0
303,6.7,24.2,-0.2,9903271,3.465,1.15,357.0,3.29,4907.0
304,1.9,36.1,0.34,9908400,3.7569999999999997,1.81,657.0,2.93,6400.0
305,6.5781,153.283,0.05,9955598,4.4971,0.9015,3616.8,0.8867,5457.0
306,8.8,82.2,-0.2,9962623,4.141,1.0,1543.0,1.41,5913.0
307,,,,9965715,,,,,
308,2.5,42.8,-0.2,10003270,3.846,1.59,775.0,2.49,6594.0
309,1.8,102.7,-0.05,10016239,4.313,1.23,2261.0,1.28,6340.0
310,5.8,55.5,-0.35,10018963,3.929,1.12,987.0,1.9,6020.0
311,7.9,66.7,-0.2,10019747,4.035,1.08,1248.0,1.66,5769.0
312,3.2,56.5,-0.2,10024648,3.99,1.45,1076.0,2.01,6409.0
313,9.0,75.5,-0.2,10025841,4.099,1.03,1541.0,1.5,5738.0
314,1.2,102.3,-0.2,10070754,4.314,1.26,2180.0,1.29,6550.0
315,5.2,83.3,-0.2,10074716,4.169,1.14,1664.0,1.45,6064.0
316,2.8675,116.345,0.11,10079226,4.3668,1.1148,2653.0,1.1454,5949.0
317,3.6,43.4,-0.2,10081026,3.83,1.4,714.0,2.39,6503.0
318,3.4,24.8,-0.2,10088136,3.4930000000000003,1.42,364.0,3.54,5301.0
319,4.0,46.2,-0.2,10118942,3.858,1.36,774.0,2.27,6362.0
320,2.0,81.1,-0.2,10129349,4.194,1.35,0.0,1.53,6699.0
321,5.1,20.3,-0.2,10130853,3.3810000000000002,1.28,294.0,3.82,4945.0
322,3.3,37.4,-0.2,10147635,3.748,1.5,634.0,2.71,6155.0
323,2.2119,55.725,-0.16,10162436,3.9859,1.5439,1052.0,2.0903,6146.0
324,3.1,68.4,-0.2,10186764,4.088,1.35,1310.0,1.73,6488.0
325,2.3,59.9,-0.2,10214328,4.0489999999999995,1.5,1223.0,1.92,6923.0
326,6.8,114.7,-0.2,10215584,4.335,0.99,0.0,1.12,5995.0
327,3.9,23.1,-0.2,10272858,3.458,1.37,341.0,3.62,5208.0
328,5.3,30.7,-0.2,10272923,3.6069999999999998,1.24,488.0,2.89,5078.0
329,,,,10273246,,,,,
330,4.0,38.7,-0.2,10295224,3.7460000000000004,1.36,0.0,2.58,6091.0
331,12.9,78.6,-0.2,10319352,4.099,0.91,1360.0,1.41,5659.0
332,2.8,86.6,-0.2,10322381,4.205,1.26,1657.0,1.46,6464.0
333,3.7,49.6,-0.2,10324098,3.908,1.39,896.0,2.18,6370.0
334,2.9,65.0,-0.2,10351059,4.07,1.39,1329.0,1.81,6530.0
335,3.5,66.8,-0.19,10355856,4.074,1.33,1330.0,1.75,6350.0
336,5.4,64.4,-0.2,10385708,4.026,1.19,1232.0,1.76,6036.0
337,5.2,25.4,-0.2,10394814,3.4939999999999998,1.22,372.0,3.28,5156.0
338,4.7,57.6,-0.2,10398597,3.975,1.25,973.0,1.92,6412.0
339,8.8,56.1,-0.2,10417911,3.9339999999999997,1.04,1022.0,1.81,5545.0
340,2.3221,105.06299999999999,-0.07,10454113,4.3152,1.154,2357.2,1.2368,6177.0
341,2.5,103.5,0.1,10462940,4.317,1.2,2487.0,1.26,6154.0
342,2.1,81.1,-0.2,10491771,4.194,1.35,1698.0,1.53,6601.0
343,4.0,50.0,-0.2,10518551,3.904,1.37,877.0,2.15,6242.0
344,3.3,31.9,-0.2,10593351,3.6510000000000002,1.48,508.0,3.01,5927.0
345,1.8,85.9,-0.2,10610027,4.223,1.34,1687.0,1.47,6704.0
346,1.1767,123.08,0.06,10644253,4.4027,1.1371,2899.7,1.11,6045.0
347,0.8,105.6,-0.2,10655953,4.333,1.26,0.0,1.26,6594.0
348,3.4,31.3,-0.2,10670371,3.6439999999999997,1.47,533.0,3.02,5334.0
349,3.4,31.3,-0.2,10712891,3.637,1.46,516.0,3.03,5358.0
350,8.2,77.4,-0.2,10717090,4.123,1.05,1612.0,1.48,5817.0
351,4.4,55.4,-0.2,10727922,3.957,1.29,979.0,1.98,6319.0
352,,,,10730618,,,,,
353,3.3,37.6,-0.2,10731424,3.778,1.46,670.0,2.61,6432.0
354,8.0,62.1,-0.2,10732098,3.9810000000000003,1.04,1082.0,1.73,5796.0
355,1.2,116.3,-0.2,10794845,4.375,1.17,2778.0,1.16,6398.0
356,4.0,49.6,-0.2,10873176,3.895,1.33,821.0,2.15,6517.0
357,3.8,49.4,-0.2,10909629,3.9,1.36,839.0,2.17,6501.0
358,3.6,42.5,0.16,10923629,3.818,1.47,711.0,2.48,6214.0
359,5.3,46.0,-0.2,10959362,3.844,1.22,835.0,2.18,5806.0
360,4.4385,103.179,-0.19,10963065,4.2922,1.0847,2203.7,1.2312,6140.0
361,5.8,106.2,-0.2,10971974,4.302,1.04,2377.0,1.19,6030.0
362,2.8,44.4,-0.2,10972252,3.861,1.58,817.0,2.43,6237.0
363,5.8,58.2,-0.2,10972873,3.964,1.18,1040.0,1.88,5928.0
364,5.5,45.0,-0.2,10976896,3.812,1.17,743.0,2.22,5628.0
365,7.3,48.5,-0.2,11021413,3.843,1.08,811.0,2.06,5452.0
366,5.7,50.5,0.05,11026764,3.885,1.22,895.0,2.09,5682.0
367,5.5,88.2,-0.2,11027406,4.192,1.07,1656.0,1.37,6250.0
368,,67.2,-0.2,11070918,,,1320.0,,0.0
369,5.4,35.1,-0.2,11074380,3.681,1.22,576.0,2.64,5154.0
370,2.6,78.1,-0.2,11075448,4.166,1.34,1687.0,1.57,6470.0
371,1.9282,90.116,0.11,11081729,4.2423,1.3153,1968.3,1.4359,6548.0
372,4.9,46.3,-0.2,11082784,3.86,1.28,841.0,2.18,5923.0
373,4.2,51.2,-0.2,11083308,3.915,1.35,902.0,2.11,6234.0
374,5.1,90.6,-0.2,11127479,4.225,1.14,1899.0,1.36,5998.0
375,9.9,65.2,-0.06,11137075,4.006,1.01,1167.0,1.66,5590.0
376,4.2,43.8,-0.2,11138101,3.819,1.34,0.0,2.35,6218.0
377,7.5,95.6,-0.2,11188219,4.227,1.01,1843.0,1.28,6024.0
378,4.8,42.1,-0.2,11193681,3.792,1.31,749.0,2.4,5697.0
379,5.4,71.3,0.35,11244118,4.095,1.26,1420.0,1.67,5745.0
380,1.7264,76.858,-0.08,11253226,4.1679,1.3655,1590.6,1.5939,6642.0
381,8.6,58.8,-0.2,11294717,3.949,1.04,1051.0,1.78,5640.0
382,2.4,19.9,-0.2,11307875,3.3939999999999997,1.63,297.0,4.23,5136.0
383,4.3,60.5,-0.2,11389393,4.006,1.3,1145.0,1.86,6174.0
384,5.3,67.8,-0.2,11389437,4.052,1.16,1234.0,1.68,6158.0
385,,,,11395018,,,,,
386,7.3,36.0,-0.2,11401156,3.678,1.07,571.0,2.49,5115.0
387,4.1,40.0,-0.2,11401708,3.773,1.4,684.0,2.54,5859.0
388,5.0,43.5,-0.05,11414712,3.798,1.26,707.0,2.34,5635.0
389,1.1,114.7,-0.2,11454149,4.369,1.18,2531.0,1.17,6435.0
390,4.5,47.3,-0.2,11460626,3.859,1.3,796.0,2.22,6176.0
391,4.8,54.3,-0.2,11467550,3.9339999999999997,1.26,964.0,2.01,6146.0
392,2.8,23.2,-0.2,11496573,3.47,1.54,351.0,3.76,5218.0
393,4.2,58.7,-0.2,11506988,3.992,1.28,1056.0,1.91,6438.0
394,7.7,70.0,-0.2,11507653,4.056,1.05,1359.0,1.6,5916.0
395,3.4,28.5,-0.2,11558593,3.58,1.45,449.0,3.22,5309.0
396,4.9,68.3,-0.2,11611414,4.053999999999999,1.16,1162.0,1.69,6279.0
397,2.7,22.3,-0.2,11620833,3.455,1.6,351.0,3.87,5026.0
398,8.6,50.7,-0.2,11674236,3.861,1.03,851.0,1.96,5413.0
399,7.3,68.9,-0.2,11713510,4.046,1.07,1241.0,1.62,5941.0
400,8.5,37.4,-0.3,11717120,3.69,1.01,585.0,2.38,5150.0
401,8.6,43.7,-0.2,11722551,3.7910000000000004,1.09,751.0,2.2,4997.0
402,3.9,41.4,-0.2,11723674,3.7939999999999996,1.37,686.0,2.46,6246.0
403,3.0,32.4,-0.2,11771760,3.6710000000000003,1.54,535.0,3.0,6075.0
404,,,,11772920,,,,,
405,9.7,33.9,-0.2,11802968,3.6289999999999996,0.98,511.0,2.5,5083.0
406,3.8,41.1,-0.2,11817562,3.795,1.39,713.0,2.49,6247.0
407,5.0,20.6,-0.2,11873252,3.3569999999999998,1.23,269.0,3.84,5199.0
408,2.0,23.0,-0.2,12020532,3.484,1.75,372.0,3.95,5392.0
409,1.7588,48.4,0.08,12069127,3.918,1.6259,884.7,2.3193,6276.0
410,4.0,44.7,-0.2,12069569,3.839,1.36,737.0,2.33,6357.0
411,5.0,93.7,-0.2,12117868,4.232,1.1,1859.0,1.33,6160.0
412,4.6,67.9,-0.2,12265063,4.061,1.22,1314.0,1.7,6189.0
413,2.2006,63.464,-0.28,12317678,4.0531,1.3724,1212.4,1.824,6580.0
414,3.7,38.9,-0.2,12366681,3.762,1.42,660.0,2.6,6188.0
415,1.9,84.6,-0.11,1430163,4.221,1.34,1867.0,1.48,6520.0
416,3.1,55.4,-0.2,1725815,3.9819999999999998,1.43,1045.0,2.02,6550.0
417,4.5,62.7,-0.2,2865774,4.03,1.28,1252.0,1.79,6074.0
418,1.9,89.8,-0.2,3123191,4.243,1.3,0.0,1.42,6568.0
419,1.9,74.8,-0.2,3236382,4.165,1.44,1659.0,1.64,6831.0
420,2.6,46.5,-0.2,3344897,3.89,1.55,874.0,2.34,6630.0
421,1.8812,52.263999999999996,-0.15,3456181,3.9537,1.5569,970.0,2.1784,6384.0
422,10.5,78.2,-0.2,3534307,4.104,0.96,1436.0,1.44,5781.0
423,2.7,67.7,-0.2,3547794,4.093,1.4,1190.0,1.75,6825.0
424,1.5,86.6,-0.2,3967430,4.236000000000001,1.36,1905.0,1.47,6622.0
425,11.8,69.2,-0.2,4252818,4.058,0.94,1318.0,1.5,5630.0
426,12.4,85.6,-0.2,4554830,4.167,0.98,1751.0,1.35,5466.0
427,2.8,59.3,-0.2,4646780,4.029,1.43,1104.0,1.92,6856.0
428,7.1,27.1,-0.2,4918355,3.5189999999999997,1.09,401.0,3.01,5003.0
429,1.0,92.6,-0.2,4931390,4.274,1.37,2093.0,1.41,6557.0
430,3.3,46.7,-0.2,5095850,3.885,1.43,791.0,2.27,6836.0
431,4.4499,95.545,0.36,5184732,4.2593,1.1619,2089.3,1.3234,5846.0
432,3.1,73.2,-0.2,5309966,4.131,1.34,1498.0,1.64,6356.0
433,2.1,57.2,-0.2,5468089,4.03,1.56,1123.0,2.0,6728.0
434,5.9,20.3,-0.46,5596656,3.362,1.14,277.0,3.67,5094.0
435,5.7,22.0,-0.2,5603483,3.42,1.24,324.0,3.59,4876.0
436,5.5,62.3,-0.2,5686856,3.9960000000000004,1.14,1081.0,1.78,6125.0
437,6.5,41.0,-0.2,5689820,3.762,1.15,695.0,2.34,5114.0
438,1.9,140.2,0.07,5774694,4.463,1.06,0.0,1.0,5875.0
439,3.0,33.9,-0.18,5939450,3.701,1.53,605.0,2.88,6282.0
440,3.7,43.9,-0.2,6064910,3.8360000000000003,1.4,721.0,2.37,6508.0
441,4.2,35.1,-0.2,6106120,3.6919999999999997,1.36,593.0,2.74,5329.0
442,4.5596,104.074,-0.04,6106415,4.299,1.0942,2248.6,1.227,6037.0
443,2.7,26.1,-0.2,6119013,3.543,1.57,406.0,3.51,5447.0
444,2.9607,105.695,-0.07,6225718,4.316,1.1518,2364.2,1.2345,6313.0
445,4.6,86.3,-0.2,6363365,4.188,1.12,1629.0,1.41,6282.0
446,1.4,103.9,-0.2,6421967,4.321000000000001,1.24,2316.0,1.27,6464.0
447,3.8,42.9,-0.2,6448798,3.8289999999999997,1.4,741.0,2.4,6349.0
448,6.5,64.2,-0.2,6450651,4.01,1.1,1131.0,1.72,5995.0
449,4.6,20.7,-0.2,6505044,3.395,1.33,302.0,3.83,4996.0
450,3.4,32.1,-0.2,6587236,3.6430000000000002,1.45,481.0,3.0,6067.0
451,10.7,90.8,-0.2,6593461,4.1930000000000005,0.94,1927.0,1.29,5817.0
452,1.6441,50.601000000000006,0.01,6679371,3.9405,1.5945,941.8,2.2381,6479.0
453,10.7,81.0,-0.2,7019341,4.145,0.98,1629.0,1.39,5723.0
454,,40.5,-0.2,7218053,,,699.0,,0.0
455,5.2,68.8,-0.2,7465072,4.061,1.15,0.0,1.66,6192.0
456,0.3,97.6,-0.2,7530690,4.311,1.35,2175.0,1.34,6836.0
457,3.2,59.2,-0.2,7622208,4.008,1.39,1071.0,1.92,6606.0
458,3.2,62.5,-0.2,7938112,4.043,1.37,1196.0,1.84,6520.0
459,2.3247,58.762,-0.2,7940546,4.0101,1.4798,1116.6,1.9901,6235.0
460,10.3904,173.541,-0.54,7970740,4.5422,0.7512,4197.4,0.7684,5309.0
461,4.6878,149.42700000000002,0.34,8006161,4.4934,0.974,3574.7,0.9254,5488.0
462,6.0,46.7,-0.2,8172589,3.827,1.14,776.0,2.15,5600.0
463,4.9,46.3,-0.2,8174170,3.859,1.25,813.0,2.18,5983.0
464,5.1,52.7,-0.2,8377423,3.928,1.21,1005.0,1.99,6059.0
465,1.7407,120.288,-0.1,8379927,4.3876,1.121,2795.3,1.1215,6067.0
466,3.6,79.7,-0.2,8391021,4.163,1.26,1595.0,1.54,6250.0
467,3.1,67.4,-0.2,8420801,4.08,1.35,1287.0,1.74,6506.0
468,3.1,44.6,-0.2,8435400,3.863,1.5,805.0,2.34,6322.0
469,3.3,57.5,-0.2,8491374,3.988,1.38,1022.0,1.95,6520.0
470,4.8,96.3,-0.2,8516041,4.246,1.09,1867.0,1.3,6214.0
471,7.1,59.4,0.14,8524425,3.969,1.15,1081.0,1.84,5634.0
472,4.4,25.6,-0.2,8547279,3.509,1.32,383.0,3.34,5174.0
473,4.4,34.7,-0.15,8751420,3.6889999999999996,1.34,598.0,2.74,5264.0
474,12.6078,117.23,-0.92,8760414,4.3224,0.7849,2455.3,1.0116,5873.0
475,3.4,63.1,-0.2,8981766,4.059,1.38,1277.0,1.82,6237.0
476,11.9,25.2,-0.2,9158609,3.465,0.94,0.0,3.06,4964.0
477,5.5,75.5,-0.2,9273544,4.112,1.14,1419.0,1.55,6125.0
478,5.2,46.2,-0.2,9335972,3.847,1.23,802.0,2.18,5784.0
479,3.4,38.9,-0.2,9402223,3.7760000000000002,1.46,655.0,2.6,6350.0
480,4.0,40.7,-0.2,9715099,3.78,1.37,0.0,2.49,6225.0
481,3.4,56.9,-0.2,9762786,3.99,1.38,1044.0,1.96,6482.0
482,3.7,57.0,-0.2,9768011,3.955,1.35,918.0,2.02,6630.0
483,7.1,33.5,-0.2,9897838,3.633,1.06,511.0,2.6,5179.0
484,2.0082,53.945,-0.23,10068307,3.9732,1.6081,995.1,2.1646,6132.0
485,13.8,112.9,-0.2,10130724,4.306,0.85,0.0,1.08,5648.0
486,6.2,57.8,-0.2,10202294,3.9610000000000003,1.18,1096.0,1.88,5803.0
487,3.9,54.6,-0.2,10290021,3.955,1.37,1023.0,2.05,6215.0
488,6.1399,84.42399999999999,-0.11,10516096,4.175,1.0876,1689.8,1.411,5964.0
489,2.8,67.2,-0.08,10709834,4.092,1.39,1447.0,1.76,6508.0
490,12.5,77.0,-0.2,10858780,4.086,0.92,1382.0,1.43,5672.0
491,3.9,19.3,-0.2,10937782,3.355,1.36,269.0,4.07,5199.0
492,2.4,20.8,-0.2,10990438,3.415,1.63,309.0,4.13,5226.0
493,2.4,84.7,-0.2,11075456,4.207,1.29,1803.0,1.48,6513.0
494,3.7,46.6,-0.2,11098033,3.877,1.38,921.0,2.26,6358.0
495,3.8,43.1,-0.2,11133100,3.8489999999999998,1.4,833.0,2.37,6222.0
496,2.7,47.0,-0.2,11189107,3.909,1.52,873.0,2.26,6795.0
497,2.8,84.0,-0.2,11229052,4.198,1.27,1643.0,1.48,6495.0
498,0.4,110.3,-0.2,11453915,4.359,1.25,2455.0,1.22,6608.0
499,3.6,68.7,-0.2,11456910,4.082,1.3,1307.0,1.71,6386.0
500,7.8,69.6,-0.2,11502597,4.061,1.08,1308.0,1.61,5798.0
501,5.8,21.1,-0.2,11554100,3.395,1.21,304.0,3.65,4913.0
502,7.3,72.8,-0.2,11708273,4.081,1.07,1372.0,1.56,5959.0
503,4.9,18.8,-0.2,11709205,3.34,1.33,270.0,4.07,4882.0
504,2.7,64.1,-0.2,11757831,4.07,1.42,1251.0,1.82,6754.0
505,3.9,36.7,-0.2,11802939,3.718,1.37,0.0,2.68,6045.0
506,4.3,30.5,-0.2,11809558,3.6180000000000003,1.37,503.0,3.0,5089.0
507,4.3,79.3,-0.2,11862119,4.141,1.17,1482.0,1.52,6271.0
508,4.4,36.5,-0.2,11911418,3.7060000000000004,1.32,580.0,2.66,5629.0
509,2.3,46.8,-0.2,11919192,3.9189999999999996,1.6,903.0,2.29,6788.0
510,3.8,56.1,-0.2,11962180,3.9789999999999996,1.35,1041.0,1.97,6329.0
511,3.6,18.5,-0.2,11968749,3.342,1.43,0.0,4.25,5136.0
512,6.0,90.8,-0.2,11971746,4.215,1.11,1911.0,1.35,5952.0
513,4.1196,88.21700000000001,-0.08,12009504,4.2116,1.1696,1865.6,1.4026,6179.0
514,11.0,129.3,-0.2,12011630,4.383,0.85,2561.0,0.99,5817.0
515,7.5,73.9,-0.2,12055375,4.081,1.04,1311.0,1.54,5991.0
516,6.7,24.4,-0.2,12058443,3.464,1.12,354.0,3.24,4986.0
517,3.2,76.6,-0.2,12156916,4.146,1.28,1412.0,1.58,6546.0
518,3.1,46.9,-0.2,12253255,3.89,1.48,897.0,2.27,6457.0
519,5.7927,74.79899999999999,0.0,12258514,4.1127,1.1355,1512.7,1.5491,5964.0
520,3.7,63.9,-0.2,12304142,4.045,1.36,1252.0,1.83,6186.0
521,3.9,21.5,-0.2,12307366,3.429,1.39,325.0,3.81,5064.0
522,3.9,58.8,-0.2,12507240,4.001,1.37,1145.0,1.94,6157.0
523,6.3,45.3,-0.2,12508433,3.819,1.17,793.0,2.2,5257.0
524,5.1,61.1,-0.2,12735580,3.9939999999999998,1.17,0.0,1.81,6170.0
